motif_id	motif_alt_id	sequence_name	start	stop	strand	score	p-value	q-value	matched_sequence
TGGSCRACAKRGTRARACYCYRTCTCWAM	MEME-1	chr1	9289560	9289588	+	45.8182	1.19e-16	7.14e-12	tggccaacatggtgaaaccccgtctctac
TGGSCRACAKRGTRARACYCYRTCTCWAM	MEME-1	chr1	9956564	9956592	+	45.8182	1.19e-16	7.14e-12	tggccaacatggtgaaaccccgtctctac
TGGSCRACAKRGTRARACYCYRTCTCWAM	MEME-1	chr1	19223194	19223222	+	45.8182	1.19e-16	7.14e-12	tggccaacatggtgaaaccccgtctctac
TGGSCRACAKRGTRARACYCYRTCTCWAM	MEME-1	chr1	19224617	19224645	+	45.8182	1.19e-16	7.14e-12	tggccaacatggtgaaaccccgtctctac
TGGSCRACAKRGTRARACYCYRTCTCWAM	MEME-1	chr1	6349340	6349368	-	45.8182	1.19e-16	7.14e-12	TGGCCAACATGGTGAAACCCCGTCTCTAC
TGGSCRACAKRGTRARACYCYRTCTCWAM	MEME-1	chr1	9959321	9959349	+	45.7	1.75e-16	7.14e-12	tggccaacatggtgaaaccccatctctac
TGGSCRACAKRGTRARACYCYRTCTCWAM	MEME-1	chr1	9959624	9959652	+	45.7	1.75e-16	7.14e-12	tggccaacatggtgaaaccccatctctac
TGGSCRACAKRGTRARACYCYRTCTCWAM	MEME-1	chr1	19094419	19094447	-	45.7	1.75e-16	7.14e-12	TGGCCAACATGGTGAAACCCCATCTCTAC
TGGSCRACAKRGTRARACYCYRTCTCWAM	MEME-1	chr1	19197427	19197455	-	45.7	1.75e-16	7.14e-12	TGGCCAACATGGTGAAACCCCATCTCTAC
TGGSCRACAKRGTRARACYCYRTCTCWAM	MEME-1	chr1	23770542	23770570	-	45.1182	9.72e-16	3.49e-11	TGGCCAACATGGTGAAACTCCGTCTCTAC
TGGSCRACAKRGTRARACYCYRTCTCWAM	MEME-1	chr1	9839438	9839466	+	45	1.24e-15	3.49e-11	tggccaacatagtgaaactccgtctctac
TGGSCRACAKRGTRARACYCYRTCTCWAM	MEME-1	chr1	19086183	19086211	-	45	1.24e-15	3.49e-11	TGGCCAACATAGTGAAACCCTGTCTCTAC
TGGSCRACAKRGTRARACYCYRTCTCWAM	MEME-1	chr1	19087018	19087046	-	45	1.24e-15	3.49e-11	TGGGCAACATAGTGAGACCCTGTCTCAAA
TGGSCRACAKRGTRARACYCYRTCTCWAM	MEME-1	chr1	54251779	54251807	-	44.6182	2.42e-15	6.35e-11	TGGGCAACATGGTAAAACCCTATCTCTAC
TGGSCRACAKRGTRARACYCYRTCTCWAM	MEME-1	chr1	39708228	39708256	+	44.2182	4.39e-15	1.01e-10	tgggcaacatggcaaaaccccatctctac
TGGSCRACAKRGTRARACYCYRTCTCWAM	MEME-1	chr1	12708430	12708458	-	44.2182	4.39e-15	1.01e-10	TGGGCGACAGAGTGAGACTCCATCTCAAA
TGGSCRACAKRGTRARACYCYRTCTCWAM	MEME-1	chr1	9957318	9957346	+	44.1273	4.79e-15	1.03e-10	tggctaacatggtgaaaccccgtctctac
TGGSCRACAKRGTRARACYCYRTCTCWAM	MEME-1	chr1	19223844	19223872	+	43.9	6.21e-15	1.2e-10	tggccaacatggcaaaaccccatctctac
TGGSCRACAKRGTRARACYCYRTCTCWAM	MEME-1	chr1	24594668	24594696	-	43.9	6.21e-15	1.2e-10	TGGCCAACATGGCAAAACCCCATCTCTAC
TGGSCRACAKRGTRARACYCYRTCTCWAM	MEME-1	chr1	6431603	6431631	-	43.3182	1.09e-14	1.94e-10	TGGCCAACATGGCAAAACCCTGTCTCTAC
TGGSCRACAKRGTRARACYCYRTCTCWAM	MEME-1	chr1	53009765	53009793	+	43.2545	1.15e-14	1.94e-10	tggcgaacatggtgaaaccccgtctctac
TGGSCRACAKRGTRARACYCYRTCTCWAM	MEME-1	chr1	42743441	42743469	+	43.2364	1.17e-14	1.94e-10	tgggcgacagagcgagactccgtctcaaa
TGGSCRACAKRGTRARACYCYRTCTCWAM	MEME-1	chr1	45983259	45983287	+	43.1455	1.27e-14	2.02e-10	tggcaaacatggtgaaaccccgtctctac
TGGSCRACAKRGTRARACYCYRTCTCWAM	MEME-1	chr1	36312591	36312619	+	43.0818	1.35e-14	2.06e-10	tgggcaacatagcaagactccatctcaaa
TGGSCRACAKRGTRARACYCYRTCTCWAM	MEME-1	chr1	54251260	54251288	-	42.6455	2.01e-14	2.91e-10	TGGGTGACAGAGTGAGACCCTGTCTCAAA
TGGSCRACAKRGTRARACYCYRTCTCWAM	MEME-1	chr1	40382346	40382374	-	42.6182	2.07e-14	2.91e-10	TGACCAACATGGTGAAACCCCATCTCTAC
TGGSCRACAKRGTRARACYCYRTCTCWAM	MEME-1	chr1	19102948	19102976	+	42.2909	2.82e-14	3.83e-10	tgggtaacagagtgagactctatctcaaa
TGGSCRACAKRGTRARACYCYRTCTCWAM	MEME-1	chr1	36312171	36312199	+	41.5455	5.46e-14	7.16e-10	tgggagacagagtgagactccatctcaaa
TGGSCRACAKRGTRARACYCYRTCTCWAM	MEME-1	chr1	39252654	39252682	+	41.4273	6.01e-14	7.35e-10	tgggtgacagagcgagactccatctcaaa
TGGSCRACAKRGTRARACYCYRTCTCWAM	MEME-1	chr1	39707305	39707333	+	41.4273	6.01e-14	7.35e-10	tgggtgacagagcgagactccatctcaaa
TGGSCRACAKRGTRARACYCYRTCTCWAM	MEME-1	chr1	45983427	45983455	+	41.1455	7.35e-14	8.7e-10	tgggcgacaaagcgagactccgtctcaaa
TGGSCRACAKRGTRARACYCYRTCTCWAM	MEME-1	chr1	24140875	24140903	-	40.7909	9.34e-14	1.07e-09	TGGGCAACAAAGCAAGACTCCATCTCAAA
TGGSCRACAKRGTRARACYCYRTCTCWAM	MEME-1	chr1	9956698	9956726	+	40.3455	1.23e-13	1.37e-09	tgactaacatggtaaaaccccgtctctac
TGGSCRACAKRGTRARACYCYRTCTCWAM	MEME-1	chr1	54252385	54252413	-	40.0364	1.46e-13	1.58e-09	TGGGTAACAGAGCGAGACCCTGTCTCTAT
TGGSCRACAKRGTRARACYCYRTCTCWAM	MEME-1	chr1	9288645	9288673	+	39.9182	1.57e-13	1.64e-09	tgagcaacagagcgagactctgtctcaaa
TGGSCRACAKRGTRARACYCYRTCTCWAM	MEME-1	chr1	39707139	39707167	+	39.6545	1.81e-13	1.85e-09	ttaccaacatggtgaaaccccgtctctac
TGGSCRACAKRGTRARACYCYRTCTCWAM	MEME-1	chr1	40382616	40382644	-	38.7545	2.98e-13	2.96e-09	TGGGTGACAGAGCAAGACCCTATCTCAAT
TGGSCRACAKRGTRARACYCYRTCTCWAM	MEME-1	chr1	9289171	9289199	+	38.2273	3.86e-13	3.73e-09	tggccaacacggtgaaaccccgtctctac
TGGSCRACAKRGTRARACYCYRTCTCWAM	MEME-1	chr1	9957177	9957205	+	37.7727	4.69e-13	4.41e-09	tgggagacaaagcgagactctgtctcaaa
TGGSCRACAKRGTRARACYCYRTCTCWAM	MEME-1	chr1	14494025	14494053	+	37.6273	4.99e-13	4.58e-09	tggccaacatggggaaaccccatctctac
TGGSCRACAKRGTRARACYCYRTCTCWAM	MEME-1	chr1	6349614	6349642	-	37.5455	5.15e-13	4.61e-09	TGGGCAACATGGTGAGGCCCCATCTCTAC
TGGSCRACAKRGTRARACYCYRTCTCWAM	MEME-1	chr1	24594362	24594390	-	37.1455	6.11e-13	5.34e-09	TGGCCAACATGGTGAAACGCTGTCTCTAC
TGGSCRACAKRGTRARACYCYRTCTCWAM	MEME-1	chr1	19102782	19102810	+	36.7364	7.32e-13	6.25e-09	tgggcaacatggtgaaaccatgtctctac
TGGSCRACAKRGTRARACYCYRTCTCWAM	MEME-1	chr1	9838880	9838908	+	36.4182	8.5e-13	6.36e-09	tggccaacatggtaaaaccccgtctgtac
TGGSCRACAKRGTRARACYCYRTCTCWAM	MEME-1	chr1	19218329	19218357	+	36.4182	8.5e-13	6.36e-09	tggccaatatggtaaaaccccgtctctac
TGGSCRACAKRGTRARACYCYRTCTCWAM	MEME-1	chr1	34595058	34595086	+	36.4182	8.5e-13	6.36e-09	tggctaacacggtgaaaccccatctctac
TGGSCRACAKRGTRARACYCYRTCTCWAM	MEME-1	chr1	40738997	40739025	+	36.4182	8.5e-13	6.36e-09	tggccaacatggtgaaaccctgtctttac
TGGSCRACAKRGTRARACYCYRTCTCWAM	MEME-1	chr1	23770396	23770424	-	36.4182	8.5e-13	6.36e-09	TGGCTAACACGGTGAAACCCCATCTCTAC
TGGSCRACAKRGTRARACYCYRTCTCWAM	MEME-1	chr1	40382780	40382808	-	36.4182	8.5e-13	6.36e-09	TGGCCAACATGGTGAAACCCTGTCTTTAC
TGGSCRACAKRGTRARACYCYRTCTCWAM	MEME-1	chr1	19086317	19086345	-	36.1909	9.48e-13	6.96e-09	TGGGCAACACAGCGAGACTCCATCTCAAA
TGGSCRACAKRGTRARACYCYRTCTCWAM	MEME-1	chr1	54251429	54251457	-	36.0364	1.02e-12	7.37e-09	TGGGCAACATGATGAAACTCTGTCTCTAC
TGGSCRACAKRGTRARACYCYRTCTCWAM	MEME-1	chr1	19220842	19220870	+	35.9273	1.08e-12	7.48e-09	tggccaacatggcaaaacaccatctctac
TGGSCRACAKRGTRARACYCYRTCTCWAM	MEME-1	chr1	22541102	22541130	-	35.9091	1.09e-12	7.48e-09	TGGGCAACAGAGGGAGACTCTATCTCAAA
TGGSCRACAKRGTRARACYCYRTCTCWAM	MEME-1	chr1	9957485	9957513	+	35.8455	1.12e-12	7.48e-09	tgggccacagagcgagactccgtctcaaa
TGGSCRACAKRGTRARACYCYRTCTCWAM	MEME-1	chr1	13113842	13113870	+	35.8273	1.14e-12	7.48e-09	tggccaacatggtaaaaccctgcctctac
TGGSCRACAKRGTRARACYCYRTCTCWAM	MEME-1	chr1	9957984	9958012	+	35.8182	1.14e-12	7.48e-09	tggccaatagggcgaaaccccgtctctac
TGGSCRACAKRGTRARACYCYRTCTCWAM	MEME-1	chr1	19213899	19213927	+	35.7182	1.2e-12	7.6e-09	tggctaacatggtgaaaccctctctctac
TGGSCRACAKRGTRARACYCYRTCTCWAM	MEME-1	chr1	13115957	13115985	+	35.7091	1.2e-12	7.6e-09	tggccaacatggtaaaaccctacctctac
TGGSCRACAKRGTRARACYCYRTCTCWAM	MEME-1	chr1	53009933	53009961	+	35.5182	1.32e-12	8.18e-09	tgggcgacagagtgagactccatttcaaa
TGGSCRACAKRGTRARACYCYRTCTCWAM	MEME-1	chr1	14744298	14744326	+	35.4182	1.38e-12	8.42e-09	tggctaacatggtgaaaccccatccctac
TGGSCRACAKRGTRARACYCYRTCTCWAM	MEME-1	chr1	11403713	11403741	-	35.0273	1.66e-12	9.97e-09	TGGGCAACAGAGCAAGACACTGTCTCAAA
TGGSCRACAKRGTRARACYCYRTCTCWAM	MEME-1	chr1	9956998	9957026	+	34.9364	1.73e-12	1.02e-08	tgggcgacagagtgagattctgtctcaaa
TGGSCRACAKRGTRARACYCYRTCTCWAM	MEME-1	chr1	39253395	39253423	+	34.9182	1.75e-12	1.02e-08	tggacaacatcgcgaaaccccgtctctac
TGGSCRACAKRGTRARACYCYRTCTCWAM	MEME-1	chr1	52556594	52556622	-	34.7091	1.93e-12	1.11e-08	TGGCCAACATGGTGAAACCCCGTGTCAAT
TGGSCRACAKRGTRARACYCYRTCTCWAM	MEME-1	chr1	6349174	6349202	-	34.6455	1.99e-12	1.11e-08	GGGGCGACAGAGCGAGACTCCGTCTCAAA
TGGSCRACAKRGTRARACYCYRTCTCWAM	MEME-1	chr1	19214066	19214094	+	34.6455	1.99e-12	1.11e-08	tgggcgacagagcgagactccgtctcaga
TGGSCRACAKRGTRARACYCYRTCTCWAM	MEME-1	chr1	19221010	19221038	+	34.1818	2.51e-12	1.38e-08	tgggcaagagagcaagactccatctcaaa
TGGSCRACAKRGTRARACYCYRTCTCWAM	MEME-1	chr1	19224789	19224817	+	34.1	2.63e-12	1.41e-08	tggacaacagagtgagactctgtctccaa
TGGSCRACAKRGTRARACYCYRTCTCWAM	MEME-1	chr1	43010200	43010228	-	34.0727	2.66e-12	1.41e-08	TATATGACAGAGTGAGACCCTGTCTCAAA
TGGSCRACAKRGTRARACYCYRTCTCWAM	MEME-1	chr1	9957683	9957711	+	33.8364	3.04e-12	1.55e-08	tgggcgacagagcaagactccgtttcaaa
TGGSCRACAKRGTRARACYCYRTCTCWAM	MEME-1	chr1	15882744	15882772	-	33.8364	3.04e-12	1.55e-08	TGGGCGACAGAGCAAGACTCCGTCTTAAA
TGGSCRACAKRGTRARACYCYRTCTCWAM	MEME-1	chr1	39253561	39253589	+	33.8364	3.04e-12	1.55e-08	tggttgacagagcgagaccctgtctcaaa
TGGSCRACAKRGTRARACYCYRTCTCWAM	MEME-1	chr1	9959487	9959515	+	33.7182	3.25e-12	1.63e-08	tgggcgacagaacaagactccatctcaaa
TGGSCRACAKRGTRARACYCYRTCTCWAM	MEME-1	chr1	19098338	19098366	-	33.4545	3.76e-12	1.87e-08	TGACTAACACGGTGAAACCCCGTCTCTAC
TGGSCRACAKRGTRARACYCYRTCTCWAM	MEME-1	chr1	14497231	14497259	-	33.3545	3.98e-12	1.95e-08	TGGGTGACAGAGTGAGACTCTGTCTCAGA
TGGSCRACAKRGTRARACYCYRTCTCWAM	MEME-1	chr1	39707827	39707855	+	32.9091	5.11e-12	2.46e-08	tggccaacatggcgaaaccttgtctctat
TGGSCRACAKRGTRARACYCYRTCTCWAM	MEME-1	chr1	39707995	39708023	+	32.4273	6.62e-12	3.15e-08	tgagcaacagagtgagactctgcctcaaa
TGGSCRACAKRGTRARACYCYRTCTCWAM	MEME-1	chr1	6349475	6349503	-	31.9727	8.24e-12	3.88e-08	TGGGTGACAGAGTGAGACCTTGTCTCAAT
TGGSCRACAKRGTRARACYCYRTCTCWAM	MEME-1	chr1	9958146	9958174	+	31.8455	8.8e-12	4.08e-08	tggataacagagtgagactctgtctcagc
TGGSCRACAKRGTRARACYCYRTCTCWAM	MEME-1	chr1	42743621	42743649	+	31.4455	1.06e-11	4.87e-08	taggcgtcagagcgagactccatctcaaa
TGGSCRACAKRGTRARACYCYRTCTCWAM	MEME-1	chr1	19197260	19197288	-	31.2636	1.16e-11	5.23e-08	TGGGTGACAAAGTGAGACTCTGCCTCAAA
TGGSCRACAKRGTRARACYCYRTCTCWAM	MEME-1	chr1	19216843	19216871	+	29.5273	2.51e-11	1.12e-07	tggccaacacggtgaaatcccgtctctac
TGGSCRACAKRGTRARACYCYRTCTCWAM	MEME-1	chr1	42742000	42742028	+	29.1	2.95e-11	1.31e-07	tggacaacaaagcaagactctgtcttaaa
TGGSCRACAKRGTRARACYCYRTCTCWAM	MEME-1	chr1	24595676	24595704	+	28.8182	3.28e-11	1.43e-07	tggccaacacagtataaccccgtctctac
TGGSCRACAKRGTRARACYCYRTCTCWAM	MEME-1	chr1	9958389	9958417	+	28.6364	3.52e-11	1.52e-07	tggccaacgtggtgaaaccccgtctctgc
TGGSCRACAKRGTRARACYCYRTCTCWAM	MEME-1	chr1	13114958	13114986	+	28.5182	3.67e-11	1.55e-07	tggccagcatggtgaaaccccacctctac
TGGSCRACAKRGTRARACYCYRTCTCWAM	MEME-1	chr1	13117118	13117146	+	28.5182	3.67e-11	1.55e-07	tggccagcatggtgaaaccccacctctac
TGGSCRACAKRGTRARACYCYRTCTCWAM	MEME-1	chr1	19086484	19086512	-	28.4182	3.81e-11	1.59e-07	TGGCCAATATGGTGAAACCTCGTCTCTAC
TGGSCRACAKRGTRARACYCYRTCTCWAM	MEME-1	chr1	9956832	9956860	+	28.3	3.98e-11	1.64e-07	tggccaaaatggtgaaaccccatttctac
TGGSCRACAKRGTRARACYCYRTCTCWAM	MEME-1	chr1	19223360	19223388	+	28.1273	4.25e-11	1.73e-07	tgggcaacagagtgagacgatgtctcaaa
TGGSCRACAKRGTRARACYCYRTCTCWAM	MEME-1	chr1	42753610	42753638	+	27.5091	5.37e-11	2.17e-07	tgggcaacagaatgagaccctgtcacaaa
TGGSCRACAKRGTRARACYCYRTCTCWAM	MEME-1	chr1	36312004	36312032	+	27.2455	5.94e-11	2.37e-07	tggctaccacggtgaaaccctgtctctac
TGGSCRACAKRGTRARACYCYRTCTCWAM	MEME-1	chr1	12708602	12708630	-	26.8364	6.91e-11	2.73e-07	TGGACAACATGAAGAAACCCCATCTCTAC
TGGSCRACAKRGTRARACYCYRTCTCWAM	MEME-1	chr1	22541270	22541298	-	26.4364	8.01e-11	3.13e-07	GGGACAACATGGTGAAAGCCCGTCTCTAC
TGGSCRACAKRGTRARACYCYRTCTCWAM	MEME-1	chr1	39250783	39250811	+	26.1636	8.86e-11	3.42e-07	tgggtgacagggtgagtccccatctctta
TGGSCRACAKRGTRARACYCYRTCTCWAM	MEME-1	chr1	54251612	54251640	-	25.8364	1.01e-10	3.85e-07	TGGACCACAGAGTGAGACCTTGTCTCAAA
TGGSCRACAKRGTRARACYCYRTCTCWAM	MEME-1	chr1	43010358	43010386	-	25.6727	1.08e-10	4.07e-07	TGGGCAACATGGAAAGATCCTGTCTCTAT
TGGSCRACAKRGTRARACYCYRTCTCWAM	MEME-1	chr1	39250617	39250645	+	25.5273	1.14e-10	4.28e-07	tgagcaacatagtgaagccccatgtctac
TGGSCRACAKRGTRARACYCYRTCTCWAM	MEME-1	chr1	18048931	18048959	+	25.2636	1.27e-10	4.72e-07	tgaccaacatggagaaaccttgtctctac
TGGSCRACAKRGTRARACYCYRTCTCWAM	MEME-1	chr1	11403886	11403914	-	25.1727	1.32e-10	4.85e-07	CTGGCAACATGGTGAAGCCCTGTCTCTAC
TGGSCRACAKRGTRARACYCYRTCTCWAM	MEME-1	chr1	37776450	37776478	-	25.1364	1.35e-10	4.89e-07	TGGGCGAAAGAGCGAGACTCTGTATCAAA
TGGSCRACAKRGTRARACYCYRTCTCWAM	MEME-1	chr1	40382192	40382220	-	24.8636	1.51e-10	5.44e-07	TGGGTGACAGAGCAAGACACCACCTCAAA
TGGSCRACAKRGTRARACYCYRTCTCWAM	MEME-1	chr1	5907994	5908022	-	24.1364	2.07e-10	7.37e-07	TGGGTGACAGAGCGAGCCTCCATCTAAAA
TGGSCRACAKRGTRARACYCYRTCTCWAM	MEME-1	chr1	9288484	9288512	+	23.4727	2.72e-10	9.58e-07	tggcaagcatgacaagaccctgtctctac
TGGSCRACAKRGTRARACYCYRTCTCWAM	MEME-1	chr1	19224010	19224038	+	23.2727	2.95e-10	1.03e-06	tgggaggtagagcgagactccgtctcaaa
TGGSCRACAKRGTRARACYCYRTCTCWAM	MEME-1	chr1	24594511	24594539	-	22.9727	3.33e-10	1.15e-06	TGGGAGACAGAGTAAGACTCTGCTTCAAA
TGGSCRACAKRGTRARACYCYRTCTCWAM	MEME-1	chr1	19218495	19218523	+	22.3455	4.3e-10	1.48e-06	tggatgacagagcaagattccatctcaag
TGGSCRACAKRGTRARACYCYRTCTCWAM	MEME-1	chr1	9959789	9959817	+	22.2727	4.43e-10	1.51e-06	ctggcgacagagcaaggctccgtctcaaa
TGGSCRACAKRGTRARACYCYRTCTCWAM	MEME-1	chr1	13115128	13115156	+	21.5455	5.91e-10	1.97e-06	tgggcaacacagtgagactccatccccac
TGGSCRACAKRGTRARACYCYRTCTCWAM	MEME-1	chr1	13117288	13117316	+	21.5455	5.91e-10	1.97e-06	tgggcaacacagtgagactccatccccac
TGGSCRACAKRGTRARACYCYRTCTCWAM	MEME-1	chr1	15882913	15882941	-	20.8273	7.66e-10	2.53e-06	TGGCCAACATGGCGAAACCCCTCCTCGAC
TGGSCRACAKRGTRARACYCYRTCTCWAM	MEME-1	chr1	13485004	13485032	+	20.6636	8.1e-10	2.65e-06	agggcagcatggtgaaaccctgtctccac
TGGSCRACAKRGTRARACYCYRTCTCWAM	MEME-1	chr1	40736739	40736767	-	20.6273	8.21e-10	2.66e-06	TGGGCAACACAGGGAGGCCCTATCTCTAA
TGGSCRACAKRGTRARACYCYRTCTCWAM	MEME-1	chr1	19921891	19921919	-	19.7909	1.08e-09	3.49e-06	TGGGCATCAGAGTGATACCCTATCACAAA
TGGSCRACAKRGTRARACYCYRTCTCWAM	MEME-1	chr1	19889795	19889823	+	19.7	1.12e-09	3.56e-06	tgggcaggatagtgagaccccacctctaa
TGGSCRACAKRGTRARACYCYRTCTCWAM	MEME-1	chr1	42743274	42743302	+	19.2455	1.3e-09	4.11e-06	cggctaaaacggtgaaaccccgtctctac
TGGSCRACAKRGTRARACYCYRTCTCWAM	MEME-1	chr1	9289334	9289362	+	19.1727	1.33e-09	4.17e-06	tgggccacagagcgagagtctgtctcaag
TGGSCRACAKRGTRARACYCYRTCTCWAM	MEME-1	chr1	24594197	24594225	-	18.6636	1.57e-09	4.88e-06	TGGGCAACAGAGCAAGACCCTGTCCCCTC
TGGSCRACAKRGTRARACYCYRTCTCWAM	MEME-1	chr1	13118116	13118144	+	18.1455	1.85e-09	5.71e-06	aggtcaaaaaggtgaaaccctgtctctac
TGGSCRACAKRGTRARACYCYRTCTCWAM	MEME-1	chr1	43220204	43220232	-	17.6818	2.15e-09	6.56e-06	TGGGCAATATAGCAAGACCTCATCTTTAA
TGGSCRACAKRGTRARACYCYRTCTCWAM	MEME-1	chr1	39535077	39535105	-	17.2545	2.47e-09	7.49e-06	TGACCAACATGAAGAAACCCCACCTCTAC
TGGSCRACAKRGTRARACYCYRTCTCWAM	MEME-1	chr1	9958554	9958582	+	15.2364	5.02e-09	1.51e-05	ctggcaacacagcgagactgtgtctcaaa
TGGSCRACAKRGTRARACYCYRTCTCWAM	MEME-1	chr1	36312231	36312259	-	14.8818	5.69e-09	1.7e-05	TGGGGAACAAACTTAGACCCTGTCCCTAA
TGGSCRACAKRGTRARACYCYRTCTCWAM	MEME-1	chr1	15882460	15882488	+	14.5909	6.3e-09	1.86e-05	gggcaacaagagcgaaactccatctcaaa
TGGSCRACAKRGTRARACYCYRTCTCWAM	MEME-1	chr1	39535778	39535806	+	13.8909	8.09e-09	2.37e-05	gggcaacaagagcaaaactccatctcaaa
TGGSCRACAKRGTRARACYCYRTCTCWAM	MEME-1	chr1	40381907	40381935	-	12.9545	1.12e-08	3.26e-05	TGGGCAACATAGAGAGACCTCCTTTCTAC
TGGSCRACAKRGTRARACYCYRTCTCWAM	MEME-1	chr1	54252549	54252577	-	12.2182	1.42e-08	4.09e-05	TAAGCAACATGGCAAGACTCGGTTTTTAC
TGGSCRACAKRGTRARACYCYRTCTCWAM	MEME-1	chr1	5907953	5907981	+	12.1182	1.46e-08	4.19e-05	tgggcaacatggtgaaaccccgttttgca
TGGSCRACAKRGTRARACYCYRTCTCWAM	MEME-1	chr1	37776617	37776645	-	11.6545	1.69e-08	4.79e-05	TGGCTAAGACGGTGAAACCCCGTCTCCCC
TGGSCRACAKRGTRARACYCYRTCTCWAM	MEME-1	chr1	13116852	13116880	-	10.7364	2.21e-08	6.24e-05	TGGGCAAAAGAGAGAGACCCTGTCCAAAA
TGGSCRACAKRGTRARACYCYRTCTCWAM	MEME-1	chr1	40383223	40383251	-	10.6545	2.27e-08	6.24e-05	TGGTCAACAAGGAGAAACCCCATCATTAC
TGGSCRACAKRGTRARACYCYRTCTCWAM	MEME-1	chr1	14744465	14744493	+	10.6364	2.28e-08	6.24e-05	tgggcgacagagtgagactgcctcaaaaa
TGGSCRACAKRGTRARACYCYRTCTCWAM	MEME-1	chr1	13115179	13115207	-	10.6364	2.28e-08	6.24e-05	TGGGCAACATGACAAAAGCCCTCCTCTAC
TGGSCRACAKRGTRARACYCYRTCTCWAM	MEME-1	chr1	13117340	13117368	-	10.6364	2.28e-08	6.24e-05	TGGGCAACATGACAAAAGCCCTCCTCTAC
TGGSCRACAKRGTRARACYCYRTCTCWAM	MEME-1	chr1	9786540	9786568	+	9.93636	2.79e-08	7.57e-05	tgggcgacagagtgagactgtctcaaaaa
TGGSCRACAKRGTRARACYCYRTCTCWAM	MEME-1	chr1	39535611	39535639	+	8.80909	3.84e-08	0.000103	tgaccaatatgatgaaacctcatctctag
TGGSCRACAKRGTRARACYCYRTCTCWAM	MEME-1	chr1	15882596	15882624	+	8.62727	4.04e-08	0.000108	tgggcaacacagtgagactttatcttttt
TGGSCRACAKRGTRARACYCYRTCTCWAM	MEME-1	chr1	19989128	19989156	-	7.09091	6.43e-08	0.000171	GGGCAAAAACAGCGAAACTCCATCTAAAA
TGGSCRACAKRGTRARACYCYRTCTCWAM	MEME-1	chr1	39706184	39706212	-	6.99091	6.63e-08	0.000175	GGGCAACAAGAGTGAAACTCCATCTTAAA
TGGSCRACAKRGTRARACYCYRTCTCWAM	MEME-1	chr1	19086016	19086044	-	6.81818	6.99e-08	0.000183	CAGGTGACAGTGTGAGACACTGTCTCAGA
TGGSCRACAKRGTRARACYCYRTCTCWAM	MEME-1	chr1	19217016	19217044	+	4.69091	1.35e-07	0.000352	ggtgagagagcgaaaaactccatctcaaa
TGGSCRACAKRGTRARACYCYRTCTCWAM	MEME-1	chr1	13114692	13114720	-	3.02727	2.18e-07	0.000563	TGGGCAAAAGAGAGACACCCTGTCCAAAA
TGGSCRACAKRGTRARACYCYRTCTCWAM	MEME-1	chr1	40381436	40381464	-	1.65455	3.13e-07	0.000804	TGGGCCATAGAACGAGACAATATCTCAAA
TGGSCRACAKRGTRARACYCYRTCTCWAM	MEME-1	chr1	40381599	40381627	-	1.47273	3.28e-07	0.000836	TGGGCGACCGGGTGAGACTGTGTGTTGAA
TGGSCRACAKRGTRARACYCYRTCTCWAM	MEME-1	chr1	13116613	13116641	-	1.23636	3.48e-07	0.000881	TGGGCGACAAAGTGAGACTCAGCTTCCCC
TGGSCRACAKRGTRARACYCYRTCTCWAM	MEME-1	chr1	13118288	13118316	+	0.172727	4.57e-07	0.00115	tgggtgacagagggacattctgtcaaaaa
TGGSCRACAKRGTRARACYCYRTCTCWAM	MEME-1	chr1	14494191	14494219	+	-0.154545	4.97e-07	0.00124	tgcgtaaaagagagaaactctgtcaaaaa
TGGSCRACAKRGTRARACYCYRTCTCWAM	MEME-1	chr1	9957844	9957872	+	-2.29091	8.82e-07	0.00219	ctgtgtgaagagtgagactccgtctcaaa
TGGSCRACAKRGTRARACYCYRTCTCWAM	MEME-1	chr1	39253602	39253630	+	-3.47273	1.22e-06	0.00301	ACTTGCACAGAGCAAGACTCTGTCTCCAA
TGGSCRACAKRGTRARACYCYRTCTCWAM	MEME-1	chr1	19098171	19098199	-	-7.02727	2.98e-06	0.00729	TGGGCGACAGAGCGAGACTCGTCTCAAAA
TGGSCRACAKRGTRARACYCYRTCTCWAM	MEME-1	chr1	4479485	4479513	-	-8.08182	3.79e-06	0.00921	GGGAGCACAAAATAGAACTCTGCCTCTAT
TGGSCRACAKRGTRARACYCYRTCTCWAM	MEME-1	chr1	9839055	9839083	+	-10.4182	6.57e-06	0.0159	gggagagaagcgagagacttcgtctcaaa
TGGSCRACAKRGTRARACYCYRTCTCWAM	MEME-1	chr1	40739163	40739191	+	-11.3636	8.29e-06	0.0199	gggcaacaagagccaaattctgtctaaaa
TGGSCRACAKRGTRARACYCYRTCTCWAM	MEME-1	chr1	13116832	13116860	-	-12.0364	9.78e-06	0.0233	TGTCCAAAAAACAAAAACAATATCTTAAC
TGGSCRACAKRGTRARACYCYRTCTCWAM	MEME-1	chr1	14497397	14497425	-	-12.1818	1.01e-05	0.024	GACCAGCCTCATCGAAACCCCATCTCTAC
TGGSCRACAKRGTRARACYCYRTCTCWAM	MEME-1	chr1	4486967	4486995	+	-12.3636	1.06e-05	0.0249	TGTTTGACTGTGAGAGACTCTGTGTCTGT
TGGSCRACAKRGTRARACYCYRTCTCWAM	MEME-1	chr1	19087755	19087783	-	-12.8182	1.18e-05	0.0276	GCAGAAACAGAGAAAATCTGCATCACAAA
TGGSCRACAKRGTRARACYCYRTCTCWAM	MEME-1	chr1	33963249	33963277	-	-13.7273	1.45e-05	0.0337	TAGCTGAAATACCACAACAGTGTCCCAAA
TGGSCRACAKRGTRARACYCYRTCTCWAM	MEME-1	chr1	6349771	6349799	-	-13.7455	1.46e-05	0.0337	TGGGCAACACAGTGAGACCCCTGTTTCTT
TGGSCRACAKRGTRARACYCYRTCTCWAM	MEME-1	chr1	24594511	24594539	+	-13.7818	1.47e-05	0.0338	tttgaagcagagtcttactctgtctccca
TGGSCRACAKRGTRARACYCYRTCTCWAM	MEME-1	chr1	54251260	54251288	+	-14.1273	1.59e-05	0.0362	tttgagacagggtctcactctgtcaccca
TGGSCRACAKRGTRARACYCYRTCTCWAM	MEME-1	chr1	39252486	39252514	+	-14.5182	1.73e-05	0.0392	cacgaggtcaggtgaaaccctgcctctac
TGGSCRACAKRGTRARACYCYRTCTCWAM	MEME-1	chr1	14745597	14745625	+	-14.8636	1.86e-05	0.042	TTTATCTCTTGGTAGCACCCCATCTTTAC
TGGSCRACAKRGTRARACYCYRTCTCWAM	MEME-1	chr1	9955866	9955894	-	-14.9545	1.9e-05	0.0425	TGGGCAACATAGCAAGTCCCATCTCTTAA
TGGSCRACAKRGTRARACYCYRTCTCWAM	MEME-1	chr1	43010200	43010228	+	-15.2364	2.02e-05	0.0448	tttgagacagggtctcactctgtcatata
TGGSCRACAKRGTRARACYCYRTCTCWAM	MEME-1	chr1	4481550	4481578	-	-15.3182	2.05e-05	0.0454	TGGGGGGCAGGGAGAAACACCACCAACAC
TGGSCRACAKRGTRARACYCYRTCTCWAM	MEME-1	chr1	13114156	13114184	+	-16.3818	2.55e-05	0.0561	TTAGGGATAGGGTGAAAGTCCAGGACTCA
TGGSCRACAKRGTRARACYCYRTCTCWAM	MEME-1	chr1	55944216	55944244	+	-16.6182	2.68e-05	0.0586	tgaggaacaaagcacatgcctggagcaaa
TGGSCRACAKRGTRARACYCYRTCTCWAM	MEME-1	chr1	23768037	23768065	-	-16.7909	2.78e-05	0.0603	CTGCCCACAGAGTGAGGCTACTGCTCTGC
TGGSCRACAKRGTRARACYCYRTCTCWAM	MEME-1	chr1	34807554	34807582	+	-17.1	2.96e-05	0.0639	TGTGCATGTGACAGAGTCCCCATCTCATC
TGGSCRACAKRGTRARACYCYRTCTCWAM	MEME-1	chr1	52556442	52556470	-	-17.3	3.09e-05	0.0662	AGCCTGGGTGATAGAGACTCCGTCTCAAA
TGGSCRACAKRGTRARACYCYRTCTCWAM	MEME-1	chr1	39706351	39706379	-	-17.3455	3.12e-05	0.0664	TGACCAACATGAAGAAACCCTGTTCTCTA
TGGSCRACAKRGTRARACYCYRTCTCWAM	MEME-1	chr1	21951498	21951526	-	-17.4364	3.18e-05	0.0673	TGGCAGGAAGGGAGAGACTCAATGGCAGC
TGGSCRACAKRGTRARACYCYRTCTCWAM	MEME-1	chr1	13118684	13118712	+	-17.5364	3.24e-05	0.068	TTTGGAAGAAATtgaagccacatcgataa
TGGSCRACAKRGTRARACYCYRTCTCWAM	MEME-1	chr1	19217014	19217042	+	-17.5364	3.24e-05	0.068	tgggtgagagagcgaaaaactccatctca
TGGSCRACAKRGTRARACYCYRTCTCWAM	MEME-1	chr1	19094827	19094855	+	-18.9091	4.33e-05	0.0903	ttggagtcatagtcagactcggagtcagg
TGGSCRACAKRGTRARACYCYRTCTCWAM	MEME-1	chr1	14497231	14497259	+	-19.5455	4.98e-05	0.103	tctgagacagagtctcactctgtcaccca
TGGSCRACAKRGTRARACYCYRTCTCWAM	MEME-1	chr1	34593314	34593342	-	-19.5455	4.98e-05	0.103	CTGCTGCCACTGCGAACTCACATCTCTAA
TGGSCRACAKRGTRARACYCYRTCTCWAM	MEME-1	chr1	39249538	39249566	+	-19.9455	5.44e-05	0.111	TGTCACTCAGAGCAAGGCAACATCTCGGC
TGGSCRACAKRGTRARACYCYRTCTCWAM	MEME-1	chr1	24593066	24593094	-	-20.0364	5.55e-05	0.113	TTGCAGCATGAATCAGACCCTGGCTCCAC
TGGSCRACAKRGTRARACYCYRTCTCWAM	MEME-1	chr1	4487346	4487374	+	-20.4818	6.12e-05	0.124	GATGCAACAGAGATAGAGTGCATATGTAC
TGGSCRACAKRGTRARACYCYRTCTCWAM	MEME-1	chr1	9838141	9838169	+	-20.9273	6.73e-05	0.136	atggggacaataatagtccccatctcata
TGGSCRACAKRGTRARACYCYRTCTCWAM	MEME-1	chr1	14493594	14493622	+	-20.9727	6.8e-05	0.136	CATCTAACTGGGTTAGAGCCCATCTAGGC
TGGSCRACAKRGTRARACYCYRTCTCWAM	MEME-1	chr1	19234007	19234035	+	-21.0909	6.97e-05	0.139	TTTCTCACAGAGAAATTACAGATCTCTAA
TGGSCRACAKRGTRARACYCYRTCTCWAM	MEME-1	chr1	5010943	5010971	+	-21.1182	7.01e-05	0.139	TGGGCAACATCTTCATACCCTGATTGTGC
TGGSCRACAKRGTRARACYCYRTCTCWAM	MEME-1	chr1	9958823	9958851	-	-21.2455	7.2e-05	0.142	TAGGTTACATGCAAATACTGTGTCACTTT
TGGSCRACAKRGTRARACYCYRTCTCWAM	MEME-1	chr1	21953086	21953114	-	-21.5545	7.68e-05	0.15	TTGGGGAGAGACCCTGTCCACGTCTCTGA
TGGSCRACAKRGTRARACYCYRTCTCWAM	MEME-1	chr1	38892921	38892949	+	-21.5636	7.7e-05	0.15	tgtgagacaaaccccagccacatctccag
TGGSCRACAKRGTRARACYCYRTCTCWAM	MEME-1	chr1	19224167	19224195	+	-21.6545	7.84e-05	0.152	tgagtgacagagcaggatttgaccccagc
TGGSCRACAKRGTRARACYCYRTCTCWAM	MEME-1	chr1	9839269	9839297	+	-21.6909	7.91e-05	0.153	TTTGCAATCAGGTTGAACACTTTATCTAA
TGGSCRACAKRGTRARACYCYRTCTCWAM	MEME-1	chr1	42763618	42763646	+	-21.9455	8.33e-05	0.16	aaggtaataaggtttggctgtgtccctac
TGGSCRACAKRGTRARACYCYRTCTCWAM	MEME-1	chr1	50982375	50982403	+	-22.2273	8.83e-05	0.169	TGACTTTCAAAGTGAAATCCTGTAGTTCA
TGGSCRACAKRGTRARACYCYRTCTCWAM	MEME-1	chr1	37776396	37776424	-	-22.3	8.96e-05	0.17	AGTGTGTAAGAGTAAGTATATGCCTCTAA
TGGSCRACAKRGTRARACYCYRTCTCWAM	MEME-1	chr1	19199740	19199768	-	-22.3636	9.07e-05	0.171	CCAGGACCATGCCAAGTCCCTGCCTCTCA
TGGSCRACAKRGTRARACYCYRTCTCWAM	MEME-1	chr1	34293548	34293576	+	-22.4545	9.24e-05	0.174	TGAGGTAACAGGCCAATCCCCAAATCAAA
TGGSCRACAKRGTRARACYCYRTCTCWAM	MEME-1	chr1	9788200	9788228	+	-22.4818	9.29e-05	0.174	TTAACAAAAGGATGAGGCCAGAACTCTTC
TGGSCRACAKRGTRARACYCYRTCTCWAM	MEME-1	chr1	14499658	14499686	+	-22.5727	9.46e-05	0.175	tgtgcaacaGAGGGAGACAGACATTCAAG
TGGSCRACAKRGTRARACYCYRTCTCWAM	MEME-1	chr1	19096857	19096885	+	-22.5727	9.46e-05	0.175	GTGAAGACTGGATCACACTCCAGCTCAGA
TGGSCRACAKRGTRARACYCYRTCTCWAM	MEME-1	chr1	21953210	21953238	+	-22.8545	0.0001	0.184	TGGACTAAGCAGGGTGCCCCCGCCTCTAC

# FIMO (Find Individual Motif Occurrences): Version 5.0.2 compiled on Nov  7 2018 at 18:10:24
# The format of this file is described at http://meme-suite.org//doc/fimo-output-format.html.
# fimo --parse-genomic-coord --verbosity 1 --oc pipeline/MEME/output_meme-chip/fimo_out_1 --bgfile pipeline/MEME/output_meme-chip/background --motif TGGSCRACAKRGTRARACYCYRTCTCWAM pipeline/MEME/output_meme-chip/meme_out/meme.xml pipeline/MEME/output_meme-chip/H3K27me3_peaks.fa
